[{"format_mask":"CC XX-XXX-XXXX","country_code":"93","iso":"AF","min_length":11,"max_length":11,"title":"Afghanistan"},{"format_mask":"CCC XXX-XXX-XXX","country_code":"358","iso":"AX","min_length":11,"max_length":13,"title":"Aland Islands"},{"format_mask":"CCC XX-XXXXXX","country_code":"355","iso":"AL","min_length":11,"max_length":12,"title":"Albania"},{"format_mask":"CCC X-XX-XX-XX-XX","country_code":"213","iso":"DZ","min_length":11,"max_length":12,"title":"Algeria"},{"format_mask":"C XXX-XXX-XXXX","country_code":"1","iso":"AS","min_length":11,"max_length":11,"title":"American Samoa"},{"format_mask":"CCC XXX-XXX-XXX","country_code":"376","iso":"AD","min_length":9,"max_length":12,"title":"Andorra"},{"format_mask":"CCC XXX-XXX-XXX","country_code":"244","iso":"AO","min_length":10,"max_length":12,"title":"Angola"},{"format_mask":"C XXX-XXX-XXXX","country_code":"1","iso":"AI","min_length":11,"max_length":11,"title":"Anguilla"},{"format_mask":"CCC X-XXXXX","country_code":"672","iso":"AQ","min_length":9,"max_length":9,"title":"Antarctica"},{"format_mask":"C XXX-XXX-XXXX","country_code":"1","iso":"AG","min_length":11,"max_length":11,"title":"Antigua & Barbuda"},{"format_mask":"CC XX-XXXX-XXXX","country_code":"54","iso":"AR","min_length":10,"max_length":12,"title":"Argentina"},{"format_mask":"CCC XXX-XXXXX","country_code":"374","iso":"AM","min_length":11,"max_length":13,"title":"Armenia"},{"format_mask":"CCC XXX-XXXX","country_code":"297","iso":"AW","min_length":10,"max_length":10,"title":"Aruba"},{"format_mask":"CC XX-XXXXX-XXX","country_code":"61","iso":"AU","min_length":9,"max_length":12,"title":"Australia"},{"format_mask":"CC X-XXXXX-XXXX","country_code":"43","iso":"AT","min_length":9,"max_length":13,"title":"Austria"},{"format_mask":"CCC XX-XXX-XX-XX","country_code":"994","iso":"AZ","min_length":12,"max_length":12,"title":"Azerbaijan"},{"format_mask":"C XXX-XXX-XXXX","country_code":"1","iso":"BS","min_length":11,"max_length":11,"title":"Bahamas"},{"format_mask":"CCC XX-XXX-XXX","country_code":"973","iso":"BH","min_length":11,"max_length":11,"title":"Bahrain"},{"format_mask":"CCC XX-XX-XXXXX","country_code":"880","iso":"BD","min_length":11,"max_length":13,"title":"Bangladesh"},{"format_mask":"C XXX-XXX-XXXX","country_code":"1","iso":"BB","min_length":11,"max_length":11,"title":"Barbados"},{"format_mask":"CCC XXX-XXXXXX","country_code":"375","iso":"BY","min_length":9,"max_length":14,"title":"Belarus"},{"format_mask":"CC XX-XXX-XX-XX","country_code":"32","iso":"BE","min_length":10,"max_length":12,"title":"Belgium"},{"format_mask":"CCC XXX-XXXX","country_code":"501","iso":"BZ","min_length":10,"max_length":11,"title":"Belize"},{"format_mask":"CCC XXXX-XXXX","country_code":"229","iso":"BJ","min_length":9,"max_length":11,"title":"Benin"},{"format_mask":"C XXX-XXX-XXXX","country_code":"1","iso":"BM","min_length":11,"max_length":11,"title":"Bermuda"},{"format_mask":"CCC X-XXX-XXX","country_code":"975","iso":"BT","min_length":10,"max_length":11,"title":"Bhutan"},{"format_mask":"CCC X-XXX-XXXX","country_code":"591","iso":"BO","min_length":10,"max_length":11,"title":"Bolivia"},{"format_mask":"CCC X-XXX-XXXX","country_code":"599","iso":"BQ","min_length":10,"max_length":11,"title":"Bonaire, Sint Eustatius & Saba"},{"format_mask":"CCC XX-XXX-XXX","country_code":"387","iso":"BA","min_length":11,"max_length":12,"title":"Bosnia & Herzegovina"},{"format_mask":"CCC XX-XXX-XXX","country_code":"267","iso":"BW","min_length":10,"max_length":11,"title":"Botswana"},{"format_mask":"CC XX-XX-XX-XX","country_code":"47","iso":"BV","min_length":10,"max_length":10,"title":"Bouvet Island"},{"format_mask":"CC XX-XXXX-XXXX","country_code":"55","iso":"BR","min_length":12,"max_length":13,"title":"Brazil"},{"format_mask":"C XXX-XXX-XXXX","country_code":"1","iso":"IO","min_length":11,"max_length":11,"title":"British Indian Ocean Territory"},{"format_mask":"C XXX-XXX-XXXX","country_code":"1","iso":"VG","min_length":11,"max_length":11,"title":"British Virgin Islands"},{"format_mask":"CCC XXX-XXXX","country_code":"673","iso":"BN","min_length":10,"max_length":10,"title":"Brunei"},{"format_mask":"CCC XXX-XX-XX","country_code":"359","iso":"BG","min_length":10,"max_length":15,"title":"Bulgaria"},{"format_mask":"CCC XX-XX-XX-XX","country_code":"226","iso":"BF","min_length":11,"max_length":11,"title":"Burkina Faso"},{"format_mask":"CCC XX-XXX-XXX","country_code":"257","iso":"BI","min_length":11,"max_length":11,"title":"Burundi"},{"format_mask":"CCC XX-XXX-XXX","country_code":"855","iso":"KH","min_length":11,"max_length":12,"title":"Cambodia"},{"format_mask":"CCC X-XX-XX-XX-XX","country_code":"237","iso":"CM","min_length":11,"max_length":12,"title":"Cameroon"},{"format_mask":"C XXX-XXX-XXXX","country_code":"1","iso":"CA","min_length":11,"max_length":11,"title":"Canada"},{"format_mask":"CCC XXX-XX-XX","country_code":"238","iso":"CV","min_length":10,"max_length":10,"title":"Cape Verde"},{"format_mask":"C XXX-XXX-XXXX","country_code":"1","iso":"KY","min_length":11,"max_length":11,"title":"Cayman Islands"},{"format_mask":"CCC XXXX-XXXX","country_code":"236","iso":"CF","min_length":11,"max_length":11,"title":"Central African Republic"},{"format_mask":"CCC XX-XX-XX-XX","country_code":"235","iso":"TD","min_length":11,"max_length":11,"title":"Chad"},{"format_mask":"CC XX-XXX-XXXX","country_code":"56","iso":"CL","min_length":10,"max_length":11,"title":"Chile"},{"format_mask":"CC XX-XXXX-XXXX","country_code":"86","iso":"CN","min_length":12,"max_length":13,"title":"China"},{"format_mask":"CC XX-XXXXX-XXX","country_code":"61","iso":"CX","min_length":9,"max_length":12,"title":"Christmas Island"},{"format_mask":"CC XX-XXXXX-XXX","country_code":"61","iso":"CC","min_length":9,"max_length":12,"title":"Cocos (Keeling) Island"},{"format_mask":"CC X-XXX-XXXX","country_code":"57","iso":"CO","min_length":10,"max_length":10,"title":"Colombia"},{"format_mask":"CCC X-XXXXXX","country_code":"269","iso":"KM","min_length":10,"max_length":10,"title":"Comoros"},{"format_mask":"CCC XX-XXX-XX-XX","country_code":"242","iso":"CG","min_length":12,"max_length":12,"title":"Congo-Brazzaville"},{"format_mask":"CCC XX-XXX-XXXX","country_code":"243","iso":"CD","min_length":8,"max_length":12,"title":"Congo-Kinshasa"},{"format_mask":"CCC XX-XXX","country_code":"682","iso":"CK","min_length":8,"max_length":8,"title":"Cook Islands"},{"format_mask":"CCC XXXX-XXXX","country_code":"506","iso":"CR","min_length":11,"max_length":11,"title":"Costa Rica"},{"format_mask":"CCC X-XXX-XX-XX","country_code":"385","iso":"HR","min_length":9,"max_length":13,"title":"Croatia"},{"format_mask":"CC X-XXX-XXXX","country_code":"53","iso":"CU","min_length":8,"max_length":10,"title":"Cuba"},{"format_mask":"CCC X-XXX-XXXX","country_code":"599","iso":"CW","min_length":10,"max_length":11,"title":"Curacao"},{"format_mask":"CCC XXXX-XXXX","country_code":"357","iso":"CY","min_length":11,"max_length":11,"title":"Cyprus"},{"format_mask":"CCC XXX-XXX-XXX","country_code":"420","iso":"CZ","min_length":12,"max_length":15,"title":"Czech Republic"},{"format_mask":"CC XX-XX-XX-XX","country_code":"45","iso":"DK","min_length":10,"max_length":10,"title":"Denmark"},{"format_mask":"CCC XXX-XXXX","country_code":"246","iso":"DG","min_length":10,"max_length":10,"title":"Diego Garcia"},{"format_mask":"CCC XX-XX-XX-XX","country_code":"253","iso":"DJ","min_length":9,"max_length":11,"title":"Djibouti"},{"format_mask":"C XXX-XXX-XXXX","country_code":"1","iso":"DM","min_length":11,"max_length":11,"title":"Dominica"},{"format_mask":"C XXX-XXX-XXXX","country_code":"1","iso":"DO","min_length":11,"max_length":11,"title":"Dominican Republic"},{"format_mask":"CCC X-XXXX-XXX","country_code":"593","iso":"EC","min_length":10,"max_length":11,"title":"Ecuador"},{"format_mask":"CC X-XXXX-XXXX","country_code":"20","iso":"EG","min_length":10,"max_length":13,"title":"Egypt"},{"format_mask":"CCC XXXX-XXXX","country_code":"503","iso":"SV","min_length":11,"max_length":11,"title":"El Salvador"},{"format_mask":"CCC XXX-XXX-XXX","country_code":"240","iso":"GQ","min_length":9,"max_length":12,"title":"Equatorial Guinea"},{"format_mask":"CCC X-XXXXXX","country_code":"291","iso":"ER","min_length":10,"max_length":10,"title":"Eritrea"},{"format_mask":"CCC XXX-XXXX","country_code":"372","iso":"EE","min_length":10,"max_length":11,"title":"Estonia"},{"format_mask":"CCC XX-XXX-XXXX","country_code":"251","iso":"ET","min_length":10,"max_length":12,"title":"Ethiopia"},{"format_mask":"CCC XXXXX","country_code":"500","iso":"FK","min_length":8,"max_length":8,"title":"Falkland Islands"},{"format_mask":"CCC XX-XX-XX","country_code":"298","iso":"FO","min_length":9,"max_length":9,"title":"Faroe Islands"},{"format_mask":"CCC XXX-XXXX","country_code":"679","iso":"FJ","min_length":9,"max_length":10,"title":"Fiji"},{"format_mask":"CCC XXX-XXX-XXX","country_code":"358","iso":"FI","min_length":12,"max_length":12,"title":"Finland"},{"format_mask":"CC X-XX-XX-XX-XX","country_code":"33","iso":"FR","min_length":11,"max_length":11,"title":"France"},{"format_mask":"CCC XXXXX-XXXX","country_code":"594","iso":"GF","min_length":9,"max_length":12,"title":"French Guiana"},{"format_mask":"CCC XX-XX-XX-XX","country_code":"689","iso":"PF","min_length":9,"max_length":11,"title":"French Polynesia"},{"format_mask":"CCC X-XXXX-XXXX","country_code":"262","iso":"TF","min_length":9,"max_length":12,"title":"French Southern Territories"},{"format_mask":"CCC XX-XX-XX-XX","country_code":"241","iso":"GA","min_length":9,"max_length":11,"title":"Gabon"},{"format_mask":"CCC XXX-XXXX","country_code":"220","iso":"GM","min_length":9,"max_length":10,"title":"Gambia"},{"format_mask":"CCC XXX-XXX-XXX","country_code":"995","iso":"GE","min_length":11,"max_length":12,"title":"Georgia"},{"format_mask":"CC XXX-XX-XXXX","country_code":"49","iso":"DE","min_length":11,"max_length":15,"title":"Germany"},{"format_mask":"CCC XXX-XXX-XXX","country_code":"233","iso":"GH","min_length":12,"max_length":12,"title":"Ghana"},{"format_mask":"CCC XXX-XXXXX","country_code":"350","iso":"GI","min_length":11,"max_length":11,"title":"Gibraltar"},{"format_mask":"CC X-X XXX-XXXX","country_code":"30","iso":"GR","min_length":9,"max_length":11,"title":"Greece"},{"format_mask":"CCC XX-XX-XX","country_code":"299","iso":"GL","min_length":8,"max_length":9,"title":"Greenland"},{"format_mask":"C XXX-XXX-XXXX","country_code":"1","iso":"GD","min_length":11,"max_length":11,"title":"Grenada"},{"format_mask":"CCC XXX-XX-XX-XX","country_code":"590","iso":"GP","min_length":8,"max_length":12,"title":"Guadeloupe"},{"format_mask":"C XXX-XXX-XXXX","country_code":"1","iso":"GU","min_length":11,"max_length":11,"title":"Guam"},{"format_mask":"CCC XXXX-XXXX","country_code":"502","iso":"GT","min_length":9,"max_length":11,"title":"Guatemala"},{"format_mask":"CC XX-XXXX-XXXX","country_code":"44","iso":"GG","min_length":12,"max_length":15,"title":"Guernsey"},{"format_mask":"CCC XX-XXX-XXX","country_code":"224","iso":"GN","min_length":11,"max_length":12,"title":"Guinea"},{"format_mask":"CCC XXX-XX-XXXX","country_code":"245","iso":"GW","min_length":10,"max_length":12,"title":"Guinea-Bissau"},{"format_mask":"CCC XXX-XXXX","country_code":"592","iso":"GY","min_length":10,"max_length":10,"title":"Guyana"},{"format_mask":"CCC XXXX-XXXX","country_code":"509","iso":"HT","min_length":10,"max_length":11,"title":"Haiti"},{"format_mask":"CC XX-XXXXX-XXX","country_code":"61","iso":"HM","min_length":9,"max_length":12,"title":"Heard & McDonald Island"},{"format_mask":"CCC XXXX-XXXX","country_code":"504","iso":"HN","min_length":10,"max_length":11,"title":"Honduras"},{"format_mask":"CCC XXXX-XXXX","country_code":"852","iso":"HK","min_length":10,"max_length":11,"title":"Hong Kong"},{"format_mask":"CC X-XXX-XXXX","country_code":"36","iso":"HU","min_length":10,"max_length":14,"title":"Hungary"},{"format_mask":"CCC XXX-XXXX","country_code":"354","iso":"IS","min_length":10,"max_length":12,"title":"Iceland"},{"format_mask":"CC XXX-XXX-XXXX","country_code":"91","iso":"IN","min_length":12,"max_length":12,"title":"India"},{"format_mask":"CC XX-XXX-XXXX","country_code":"62","iso":"ID","min_length":8,"max_length":12,"title":"Indonesia"},{"format_mask":"CC XX-XXXXXXXX","country_code":"98","iso":"IR","min_length":7,"max_length":12,"title":"Iran"},{"format_mask":"CCC XXXXXXXX","country_code":"964","iso":"IQ","min_length":11,"max_length":13,"title":"Iraq"},{"format_mask":"CCC X-XXX-XXXX","country_code":"353","iso":"IE","min_length":8,"max_length":11,"title":"Ireland"},{"format_mask":"CC XX-XXXX-XXXX","country_code":"44","iso":"IM","min_length":12,"max_length":15,"title":"Isle of Man"},{"format_mask":"CCC X-XXX-XXXX","country_code":"972","iso":"IL","min_length":11,"max_length":12,"title":"Israel"},{"format_mask":"CC XX-XXXXX-XXX","country_code":"39","iso":"IT","min_length":8,"max_length":14,"title":"Italy"},{"format_mask":"CCC XX-XX-XX-XX","country_code":"225","iso":"CI","min_length":11,"max_length":11,"title":"Ivory Coast (Cote D'ivoire)"},{"format_mask":"C XXX-XXX-XXXX","country_code":"1","iso":"JM","min_length":11,"max_length":11,"title":"Jamaica"},{"format_mask":"CC X-XXXX-XXXX","country_code":"81","iso":"JP","min_length":11,"max_length":15,"title":"Japan"},{"format_mask":"CC XX-XXXX-XXXX","country_code":"44","iso":"JE","min_length":12,"max_length":15,"title":"Jersey"},{"format_mask":"CCC X-XXXXXXX","country_code":"962","iso":"JO","min_length":11,"max_length":12,"title":"Jordan"},{"format_mask":"C XXXX-XXXXXX","country_code":"7","iso":"KZ","min_length":11,"max_length":11,"title":"Kazakhstan"},{"format_mask":"CCC XX-XXX-XXXX","country_code":"254","iso":"KE","min_length":9,"max_length":12,"title":"Kenya"},{"format_mask":"CCC XXXX-XXXX","country_code":"686","iso":"KI","min_length":8,"max_length":11,"title":"Kiribati"},{"format_mask":"CCC XX-XXX-XXXX","country_code":"383","iso":"XK","min_length":11,"max_length":12,"title":"Kosovo"},{"format_mask":"CCC XXXX-XXXX","country_code":"965","iso":"KW","min_length":11,"max_length":13,"title":"Kuwait"},{"format_mask":"CCC XXX-XXX-XXX","country_code":"996","iso":"KG","min_length":12,"max_length":12,"title":"Kyrgyzstan"},{"format_mask":"CCC XX-XXX-XXX","country_code":"856","iso":"LA","min_length":7,"max_length":11,"title":"Laos"},{"format_mask":"CCC XXX-XXXX","country_code":"371","iso":"LV","min_length":10,"max_length":11,"title":"Latvia"},{"format_mask":"CCC X-XXX-XXX","country_code":"961","iso":"LB","min_length":10,"max_length":11,"title":"Lebanon"},{"format_mask":"CCC XX-XXX-XXX","country_code":"266","iso":"LS","min_length":11,"max_length":11,"title":"Lesotho"},{"format_mask":"CCC XX-XXX-XXXX","country_code":"231","iso":"LR","min_length":12,"max_length":12,"title":"Liberia"},{"format_mask":"CCC XX-XXX-XXXX","country_code":"218","iso":"LY","min_length":11,"max_length":13,"title":"Libya"},{"format_mask":"CCC XXX-XX-XX","country_code":"423","iso":"LI","min_length":10,"max_length":12,"title":"Liechtenstein"},{"format_mask":"CCC X-XXX-XXXX","country_code":"370","iso":"LT","min_length":11,"max_length":11,"title":"Lithuania"},{"format_mask":"CCC XX-XXX-XXX","country_code":"352","iso":"LU","min_length":11,"max_length":15,"title":"Luxembourg"},{"format_mask":"CCC XXXX-XXXX","country_code":"853","iso":"MO","min_length":9,"max_length":13,"title":"Macao"},{"format_mask":"CCC X-XX-XX-XXX","country_code":"389","iso":"MK","min_length":11,"max_length":11,"title":"Macedonia"},{"format_mask":"CCC XX-XX-XXX-XX","country_code":"261","iso":"MG","min_length":12,"max_length":12,"title":"Madagascar"},{"format_mask":"CCC X-XXX-XXX","country_code":"265","iso":"MW","min_length":10,"max_length":12,"title":"Malawi"},{"format_mask":"CC X-XXXX-XXXX","country_code":"60","iso":"MY","min_length":8,"max_length":13,"title":"Malaysia"},{"format_mask":"CCC XXX-XXXX","country_code":"960","iso":"MV","min_length":9,"max_length":10,"title":"Maldives"},{"format_mask":"CCC XX-XX-XXXX","country_code":"223","iso":"ML","min_length":11,"max_length":11,"title":"Mali"},{"format_mask":"CCC XXXX-XXXX","country_code":"356","iso":"MT","min_length":11,"max_length":11,"title":"Malta"},{"format_mask":"CCC XXX-XXXX","country_code":"692","iso":"MH","min_length":10,"max_length":10,"title":"Marshall Islands"},{"format_mask":"CCC XXX-XX-XX-XX","country_code":"596","iso":"MQ","min_length":12,"max_length":12,"title":"Martinique"},{"format_mask":"CCC XXXX-XXXX","country_code":"222","iso":"MR","min_length":10,"max_length":11,"title":"Mauritania"},{"format_mask":"CCC XXX-XXXX","country_code":"230","iso":"MU","min_length":10,"max_length":11,"title":"Mauritius"},{"format_mask":"CCC X-XXXX-XXXX","country_code":"262","iso":"YT","min_length":9,"max_length":12,"title":"Mayotte"},{"format_mask":"CC XX-XXXX-XXXX","country_code":"52","iso":"MX","min_length":9,"max_length":12,"title":"Mexico"},{"format_mask":"CCC XXX-XXXX","country_code":"691","iso":"FM","min_length":10,"max_length":10,"title":"Micronesia"},{"format_mask":"CCC XXXX-XXXX","country_code":"373","iso":"MD","min_length":11,"max_length":11,"title":"Moldova"},{"format_mask":"CCC XX-XX-XX-XX","country_code":"377","iso":"MC","min_length":11,"max_length":13,"title":"Monaco"},{"format_mask":"CCC XX-XXX-XXX","country_code":"976","iso":"MN","min_length":11,"max_length":13,"title":"Mongolia"},{"format_mask":"CCC XX-XXX-XXX","country_code":"382","iso":"ME","min_length":11,"max_length":12,"title":"Montenegro"},{"format_mask":"C XXX-XXX-XXXX","country_code":"1","iso":"MS","min_length":11,"max_length":11,"title":"Montserrat"},{"format_mask":"CCC XX-XXXX-XXX","country_code":"212","iso":"MA","min_length":12,"max_length":12,"title":"Morocco"},{"format_mask":"CCC XX-XXXXXX","country_code":"258","iso":"MZ","min_length":11,"max_length":14,"title":"Mozambique"},{"format_mask":"CC XX-XXX-XXX","country_code":"95","iso":"MM","min_length":8,"max_length":12,"title":"Myanmar (Burma)"},{"format_mask":"CCC XX-XXX-XXX","country_code":"264","iso":"NA","min_length":11,"max_length":12,"title":"Namibia"},{"format_mask":"CCC XXX-XXXX","country_code":"674","iso":"NR","min_length":10,"max_length":10,"title":"Nauru"},{"format_mask":"CCC X-XXX-XXXX","country_code":"977","iso":"NP","min_length":10,"max_length":11,"title":"Nepal"},{"format_mask":"CC XX-XXX-XXXX","country_code":"31","iso":"NL","min_length":10,"max_length":12,"title":"Netherlands"},{"format_mask":"CCC XX-XX-XX","country_code":"687","iso":"NC","min_length":9,"max_length":9,"title":"New Caledonia"},{"format_mask":"CC X-XXX-XXXX","country_code":"64","iso":"NZ","min_length":9,"max_length":15,"title":"New Zealand"},{"format_mask":"CCC XXXX-XXXX","country_code":"505","iso":"NI","min_length":10,"max_length":11,"title":"Nicaragua"},{"format_mask":"CCC XXXX-XXXX","country_code":"227","iso":"NE","min_length":9,"max_length":11,"title":"Niger"},{"format_mask":"CCC X-XXX-XXXX","country_code":"234","iso":"NG","min_length":11,"max_length":14,"title":"Nigeria"},{"format_mask":"CCC XXXX","country_code":"683","iso":"NU","min_length":7,"max_length":7,"title":"Niue"},{"format_mask":"CCC X-XXXXX","country_code":"672","iso":"NF","min_length":9,"max_length":9,"title":"Norfolk Island"},{"format_mask":"CCC X-XXX-XXXX","country_code":"850","iso":"KP","min_length":11,"max_length":15,"title":"North Korea"},{"format_mask":"C XXX-XXX-XXXX","country_code":"1","iso":"MP","min_length":11,"max_length":11,"title":"Northern Mariana Islands"},{"format_mask":"CC XX-XX-XX-XX","country_code":"47","iso":"NO","min_length":10,"max_length":10,"title":"Norway"},{"format_mask":"CCC XXXX-XXXX","country_code":"968","iso":"OM","min_length":11,"max_length":11,"title":"Oman"},{"format_mask":"CC XXX-XXX-XXXX","country_code":"92","iso":"PK","min_length":11,"max_length":13,"title":"Pakistan"},{"format_mask":"CCC XXX-XXXX","country_code":"680","iso":"PW","min_length":10,"max_length":10,"title":"Palau"},{"format_mask":"CCC X-XXX-XXXX","country_code":"970","iso":"PS","min_length":11,"max_length":12,"title":"Palestinian Territories"},{"format_mask":"CCC XXX-XXXX","country_code":"507","iso":"PA","min_length":10,"max_length":11,"title":"Panama"},{"format_mask":"CCC XXX-XXXX","country_code":"675","iso":"PG","min_length":10,"max_length":11,"title":"Papua New Guinea"},{"format_mask":"CC XX-XXX-XXX","country_code":"595","iso":"PY","min_length":11,"max_length":12,"title":"Paraguay"},{"format_mask":"CC X-XXX-XXXX","country_code":"51","iso":"PE","min_length":10,"max_length":11,"title":"Peru"},{"format_mask":"CC X-XXX-XXXX","country_code":"63","iso":"PH","min_length":10,"max_length":12,"title":"Philippines"},{"format_mask":"CC X-XXX-XXXX","country_code":"64","iso":"PN","min_length":9,"max_length":15,"title":"Pitcairn Island"},{"format_mask":"CC XX-XXX-XXXX","country_code":"48","iso":"PL","min_length":7,"max_length":11,"title":"Poland"},{"format_mask":"CCC XX-XXX-XXXX","country_code":"351","iso":"PT","min_length":11,"max_length":13,"title":"Portugal"},{"format_mask":"C XXX-XXX-XXXX","country_code":"1","iso":"PR","min_length":11,"max_length":11,"title":"Puerto Rico"},{"format_mask":"CCC XXXX-XXXX","country_code":"974","iso":"QA","min_length":10,"max_length":11,"title":"Qatar"},{"format_mask":"CCC X-XXXX-XXXX","country_code":"262","iso":"RE","min_length":9,"max_length":12,"title":"Reunion"},{"format_mask":"CC XXX-XXX-XXX","country_code":"40","iso":"RO","min_length":8,"max_length":11,"title":"Romania"},{"format_mask":"C XXX-XXX-XXXX","country_code":"7","iso":"RU","min_length":11,"max_length":12,"title":"Russia"},{"format_mask":"CCC XXX-XXX-XXX","country_code":"250","iso":"RW","min_length":11,"max_length":12,"title":"Rwanda"},{"format_mask":"CCC XXX-XX-XX-XX","country_code":"590","iso":"BL","min_length":8,"max_length":12,"title":"Saint Barthelemy"},{"format_mask":"CCC XXXXX","country_code":"290","iso":"SH","min_length":7,"max_length":8,"title":"Saint Helena, Ascension & Tristan da Cunha"},{"format_mask":"C XXX-XXX-XXXX","country_code":"1","iso":"KN","min_length":11,"max_length":11,"title":"Saint Kitts & Nevis"},{"format_mask":"C XXX-XXX-XXXX","country_code":"1","iso":"LC","min_length":11,"max_length":11,"title":"Saint Lucia"},{"format_mask":"C XXX-XXX-XXXX","country_code":"1","iso":"MF","min_length":11,"max_length":11,"title":"Saint Martin"},{"format_mask":"CCC XX-XX-XX","country_code":"508","iso":"PM","min_length":9,"max_length":9,"title":"Saint Pierre & Miquelon"},{"format_mask":"C XXX-XXX-XXXX","country_code":"1","iso":"VC","min_length":11,"max_length":11,"title":"Saint Vincent & the Grenadines"},{"format_mask":"CCC XXXXX","country_code":"685","iso":"WS","min_length":6,"max_length":10,"title":"Samoa"},{"format_mask":"CCC XXXX-XXXXXX","country_code":"378","iso":"SM","min_length":9,"max_length":13,"title":"San Marino"},{"format_mask":"CCC XX-XXXXX","country_code":"239","iso":"ST","min_length":9,"max_length":10,"title":"Sao Tome & Principe"},{"format_mask":"CCC XX-XXX-XXXX","country_code":"966","iso":"SA","min_length":12,"max_length":15,"title":"Saudi Arabia"},{"format_mask":"CCC XX-XXX-XXXX","country_code":"221","iso":"SN","min_length":12,"max_length":12,"title":"Senegal"},{"format_mask":"CCC XX-XXX-XXXX","country_code":"381","iso":"RS","min_length":11,"max_length":12,"title":"Serbia"},{"format_mask":"CCC X-XXX-XXX","country_code":"248","iso":"SC","min_length":9,"max_length":10,"title":"Seychelles"},{"format_mask":"CCC XXX-XXXXX","country_code":"232","iso":"SL","min_length":11,"max_length":11,"title":"Sierra Leone"},{"format_mask":"CC XXXX-XXXX","country_code":"65","iso":"SG","min_length":10,"max_length":10,"title":"Singapore"},{"format_mask":"C XXX-XXX-XXXX","country_code":"1","iso":"SX","min_length":11,"max_length":11,"title":"Sint Maarten"},{"format_mask":"CCC XXXXXXXXX","country_code":"421","iso":"SK","min_length":9,"max_length":15,"title":"Slovakia"},{"format_mask":"CCC X-XXX-XXXX","country_code":"386","iso":"SI","min_length":11,"max_length":11,"title":"Slovenia"},{"format_mask":"CCC XXXXX","country_code":"677","iso":"SB","min_length":8,"max_length":10,"title":"Solomon Islands"},{"format_mask":"CCC XX-XXXXXXX","country_code":"252","iso":"SO","min_length":9,"max_length":12,"title":"Somalia"},{"format_mask":"CC XXX-XXX-XXXX","country_code":"27","iso":"ZA","min_length":11,"max_length":12,"title":"South Africa"},{"format_mask":"CCC XXXXX","country_code":"500","iso":"GS","min_length":8,"max_length":8,"title":"South Georgia & South Sandwich Islands"},{"format_mask":"CC XX-XXXX-XXXX","country_code":"82","iso":"KR","min_length":11,"max_length":13,"title":"South Korea"},{"format_mask":"CCC XXX-XXX-XXX","country_code":"211","iso":"SS","min_length":10,"max_length":12,"title":"South Sudan"},{"format_mask":"CC XX-XXX-XX-XX","country_code":"34","iso":"ES","min_length":11,"max_length":11,"title":"Spain"},{"format_mask":"CC XX-XXXXXXX","country_code":"94","iso":"LK","min_length":11,"max_length":12,"title":"Sri Lanka"},{"format_mask":"CCC XX-XXX-XXXX","country_code":"249","iso":"SD","min_length":12,"max_length":12,"title":"Sudan"},{"format_mask":"CCC XXXXXX","country_code":"597","iso":"SR","min_length":9,"max_length":10,"title":"Suriname"},{"format_mask":"CC XX-XX-XX-XX","country_code":"47","iso":"SJ","min_length":10,"max_length":10,"title":"Svalbard & Jan Mayen"},{"format_mask":"CCC XXXX-XXXX","country_code":"268","iso":"SZ","min_length":10,"max_length":11,"title":"Swaziland"},{"format_mask":"CC X-XXX-XX-XX","country_code":"46","iso":"SE","min_length":9,"max_length":15,"title":"Sweden"},{"format_mask":"CC XX-XXX-XX-XX","country_code":"41","iso":"CH","min_length":12,"max_length":12,"title":"Switzerland"},{"format_mask":"CCC XX-XXX-XXXX","country_code":"963","iso":"SY","min_length":10,"max_length":13,"title":"Syrian Arab Republic"},{"format_mask":"CCC X-XXXX-XXXX","country_code":"886","iso":"TW","min_length":11,"max_length":12,"title":"Taiwan"},{"format_mask":"CCC XX-XXXXXXX","country_code":"992","iso":"TJ","min_length":12,"max_length":12,"title":"Tajikistan"},{"format_mask":"CCC XX-XXXXXXX","country_code":"255","iso":"TZ","min_length":12,"max_length":12,"title":"Tanzania"},{"format_mask":"CC X-XXX-XXXX","country_code":"66","iso":"TH","min_length":10,"max_length":11,"title":"Thailand"},{"format_mask":"CCC XXX-XXXX","country_code":"670","iso":"TL","min_length":10,"max_length":11,"title":"Timor-Leste"},{"format_mask":"CCC XX-XXX-XXX","country_code":"228","iso":"TG","min_length":10,"max_length":11,"title":"Togo"},{"format_mask":"CCC XXXX","country_code":"690","iso":"TK","min_length":7,"max_length":10,"title":"Tokelau"},{"format_mask":"CCC XXXXX","country_code":"676","iso":"TO","min_length":8,"max_length":10,"title":"Tonga"},{"format_mask":"C XXX-XXX-XXXX","country_code":"1","iso":"TT","min_length":11,"max_length":11,"title":"Trinidad & Tobago"},{"format_mask":"CCC XX-XXX-XXX","country_code":"216","iso":"TN","min_length":11,"max_length":11,"title":"Tunisia"},{"format_mask":"CC XXX-XXX-XXXX","country_code":"90","iso":"TR","min_length":12,"max_length":12,"title":"Turkey"},{"format_mask":"CCC XX-XXXXXX","country_code":"993","iso":"TM","min_length":11,"max_length":11,"title":"Turkmenistan"},{"format_mask":"C XXX-XXX-XXXX","country_code":"1","iso":"TC","min_length":11,"max_length":11,"title":"Turks & Caicos Islands"},{"format_mask":"CCC XXXXX","country_code":"688","iso":"TV","min_length":8,"max_length":8,"title":"Tuvalu"},{"format_mask":"CCC XX-XXX-XXXX","country_code":"256","iso":"UG","min_length":12,"max_length":12,"title":"Uganda"},{"format_mask":"CCC XX-XXX-XXXX","country_code":"380","iso":"UA","min_length":12,"max_length":12,"title":"Ukraine"},{"format_mask":"CCC X-XXX-XXXX","country_code":"971","iso":"AE","min_length":8,"max_length":15,"title":"United Arab Emirates"},{"format_mask":"CC XX-XXXX-XXXX","country_code":"44","iso":"GB","min_length":12,"max_length":15,"title":"United Kingdom"},{"format_mask":"C XXX-XXX-XXXX","country_code":"1","iso":"US","min_length":11,"max_length":11,"title":"United States"},{"format_mask":"C XXX-XXX-XXXX","country_code":"1","iso":"UM","min_length":11,"max_length":11,"title":"United States Minor Outlying Islands"},{"format_mask":"CCC X-XXX-XX-XX","country_code":"598","iso":"UY","min_length":10,"max_length":11,"title":"Uruguay"},{"format_mask":"CCC XX-XXX-XXXX","country_code":"998","iso":"UZ","min_length":12,"max_length":13,"title":"Uzbekistan"},{"format_mask":"CCC X-XXX-XXX","country_code":"678","iso":"VU","min_length":8,"max_length":10,"title":"Vanuatu"},{"format_mask":"CC XXX-XXX-XXXX","country_code":"58","iso":"VE","min_length":12,"max_length":12,"title":"Venezuela"},{"format_mask":"CC X-XXXX-XXXX","country_code":"84","iso":"VN","min_length":8,"max_length":12,"title":"Vietnam"},{"format_mask":"C XXX-XXX-XXXX","country_code":"1","iso":"VI","min_length":11,"max_length":11,"title":"Virgin Islands"},{"format_mask":"CCC XXX-XXX","country_code":"681","iso":"WF","min_length":9,"max_length":9,"title":"Wallis & Futuna"},{"format_mask":"CCC XXX-XXX-XXX","country_code":"967","iso":"YE","min_length":10,"max_length":12,"title":"Yemen"},{"format_mask":"CCC XX-XXX-XXXX","country_code":"260","iso":"ZM","min_length":10,"max_length":12,"title":"Zambia"},{"format_mask":"CCC X-XXXXXX","country_code":"263","iso":"ZW","min_length":10,"max_length":15,"title":"Zimbabwe"}]